<?xml version="1.0" encoding="UTF-8" standalone="yes"?>
<employees>
    <employee>
        <idUser>user002</idUser>
        <login>ines123</login>
        <email>ines@gmail.com</email>
        <nom>Ines</nom>
        <prenom>dream</prenom>
        <password>azerty1122</password>
        <idEmployee>1</idEmployee>
        <skills>Teamwork</skills>
        <status>free</status>
        <speciality>sorting</speciality>
        <certification>Certified rubbish sorter</certification>
        <role>employee</role>
        <idTache>0</idTache>
    </employee>
    <employee>
        <idUser>user001</idUser>
        <login>morgan</login>
        <email>morgan@gmail.com</email>
        <nom>Ella</nom>
        <prenom>Morgan</prenom>
        <password>password016</password>
        <idEmployee>2</idEmployee>
        <skills>Logistics</skills>
        <status>busy</status>
        <speciality>Logistics Coordinator</speciality>
        <certification>Logistics Management</certification>
        <role>employee</role>
        <idTache>3</idTache>
    </employee>
    <employee>
        <idUser>user003</idUser>
        <login>jason003</login>
        <email>jason@gmail.com</email>
        <nom>jason</nom>
        <prenom>smithh</prenom>
        <password>password003</password>
        <idEmployee>3</idEmployee>
        <skills>Sorting</skills>
        <status>free</status>
        <speciality>Sorting Specialist</speciality>
        <certification>Recycling Process Certification</certification>
        <role>employee</role>
        <idTache>0</idTache>
    </employee>
    <employee>
        <idUser>user004</idUser>
        <login>david004</login>
        <email>david@gmail.com</email>
        <nom>David</nom>
        <prenom>Johnson</prenom>
        <password>password004</password>
        <idEmployee>4</idEmployee>
        <skills>Waste Management</skills>
        <status>free</status>
        <speciality>Sorting Specialist</speciality>
        <certification>Waste Management Certification</certification>
        <role>employee</role>
        <idTache>0</idTache>
    </employee>
    <employee>
        <idUser>user005</idUser>
        <login>isabella005</login>
        <email>isabella@gmail.com</email>
        <nom>Isabella</nom>
        <prenom>Williams</prenom>
        <password>password005</password>
        <idEmployee>5</idEmployee>
        <skills>Safety Compliance</skills>
        <status>free</status>
        <speciality>Mechanical Technician</speciality>
        <certification>Machine Safety Compliance Certification</certification>
        <role>employee</role>
        <idTache>0</idTache>
    </employee>
    <employee>
        <idUser>user006</idUser>
        <login>ava006</login>
        <email>ava@gmail.com</email>
        <nom>Ava</nom>
        <prenom>Jones</prenom>
        <password>password006</password>
        <idEmployee>6</idEmployee>
        <skills>Heavy Equipment</skills>
        <status>free</status>
        <speciality>Heavy Equipment Technician</speciality>
        <certification>Heavy Equipment Maintenance Certification</certification>
        <role>employee</role>
        <idTache>0</idTache>
    </employee>
    <employee>
        <idUser>user007</idUser>
        <login>michael007</login>
        <email>michael@gmail.com</email>
        <nom>Michael</nom>
        <prenom>Martinez</prenom>
        <password>password007</password>
        <idEmployee>7</idEmployee>
        <skills>Preventive Maintenance</skills>
        <status>free</status>
        <speciality>Electrical Technician</speciality>
        <certification>Preventive Maintenance Certification</certification>
        <role>employee</role>
        <idTache>0</idTache>
    </employee>
    <employee>
        <idUser>user008</idUser>
        <login>john008</login>
        <email>john@gmail.com</email>
        <nom>John</nom>
        <prenom>Lee</prenom>
        <password>password008</password>
        <idEmployee>8</idEmployee>
        <skills>Diagnostic Tools</skills>
        <status>busy</status>
        <speciality>Mechanical Technician</speciality>
        <certification>Machine Diagnostics Certification</certification>
        <role>employee</role>
        <idTache>3</idTache>
    </employee>
    <employee>
        <idUser>user009</idUser>
        <login>william009</login>
        <email>william@gmail.com</email>
        <nom>William</nom>
        <prenom>Anderson</prenom>
        <password>password009</password>
        <idEmployee>9</idEmployee>
        <skills>Machine Operation</skills>
        <status>free</status>
        <speciality>Electrical Technician</speciality>
        <certification>Electrical Systems Certification</certification>
        <role>maintenance_technician</role>
        <idTache>0</idTache>
    </employee>
    <employee>
        <idUser>user010</idUser>
        <login>olivia010</login>
        <email>olivia@gmail.com</email>
        <nom>Olivia</nom>
        <prenom>anderson</prenom>
        <password>password010</password>
        <idEmployee>10</idEmployee>
        <skills>Electrical Repairs</skills>
        <status>busy</status>
        <speciality>Equipment Technician</speciality>
        <certification>Mechanical Repairs Certification</certification>
        <role>maintenance_technician</role>
        <idTache>2</idTache>
    </employee>
    <employee>
        <idUser>user011</idUser>
        <login>user011</login>
        <email>Ryan@gmail.com</email>
        <nom>Ryan</nom>
        <prenom>Doe</prenom>
        <password>ryan123456</password>
        <idEmployee>11</idEmployee>
        <skills>waste management</skills>
        <status>free</status>
        <speciality>Environmental Engineer</speciality>
        <certification>Expertise in waste management systems, recycling techniques, and environmental compliance.</certification>
        <role>employee</role>
        <idTache>0</idTache>
    </employee>
    <employee>
        <idUser>user012</idUser>
        <login>Jacklin111</login>
        <email>Jacklin@gmail.com</email>
        <nom>Jacklin</nom>
        <prenom>Dawson</prenom>
        <password>jacklin123</password>
        <idEmployee>12</idEmployee>
        <skills>Recycling Technician</skills>
        <status>free</status>
        <speciality>Recycling Technician</speciality>
        <certification>Specializes in operating and maintaining recycling equipment and manual processes for waste segregation.</certification>
        <role>employee</role>
        <idTache>0</idTache>
    </employee>
    <employee>
        <idUser>user013</idUser>
        <login>emily013</login>
        <email>emily@gmail.com</email>
        <nom>Emily</nom>
        <prenom>Clark</prenom>
        <password>emily013</password>
        <idEmployee>13</idEmployee>
        <skills>Community Engagement Specialist</skills>
        <status>busy</status>
        <speciality>Community Engagement Specialist</speciality>
        <certification>Expertise in public awareness campaigns and training for recycling and composting initiatives.</certification>
        <role>employee</role>
        <idTache>2</idTache>
    </employee>
    <employee>
        <idUser>user014</idUser>
        <login>jake111</login>
        <email>jake@gmail.com</email>
        <nom>jake</nom>
        <prenom>prince</prenom>
        <password>jake1452</password>
        <idEmployee>14</idEmployee>
        <skills>planning</skills>
        <status>busy</status>
        <speciality>Project Manager Recycling Industry</speciality>
        <certification>Skilled in planning, coordinating, and executing recycling-related projects.</certification>
        <role>employee</role>
        <idTache>1</idTache>
    </employee>
    <employee>
        <idUser>user015</idUser>
        <login>smith</login>
        <email>john@gmail.com</email>
        <nom>john</nom>
        <prenom>Simbson</prenom>
        <password>john12354</password>
        <idEmployee>15</idEmployee>
        <skills>Specializes in composting and soil enrichment techniques for agriculture</skills>
        <status>free</status>
        <speciality>Horticulturist or Urban Agriculture Specialist</speciality>
        <certification>Composting Certification</certification>
        <role>employee</role>
        <idTache>0</idTache>
    </employee>
    <employee>
        <idUser>user232</idUser>
        <login>dfdgh</login>
        <email>alabrahmi12340@gmail.com</email>
        <nom>ela</nom>
        <prenom>brahmi</prenom>
        <idEmployee>55</idEmployee>
        <skills>Teamwork</skills>
        <status>free</status>
        <speciality>Equipment Technician</speciality>
        <certification>cc</certification>
        <role>maintenance_technician</role>
        <idTache>0</idTache>
    </employee>
</employees>
