<?xml version="1.0" encoding="UTF-8" standalone="yes"?>
<projects>
    <project>
        <idProject>2</idProject>
        <name>Community Recycling Initiative</name>
        <status>finished</status>
        <taches>
            <tache>
                <idTache>3</idTache>
                <status>finished</status>
                <description> Collect recyclable waste from households in the community.</description>
                <start_date>2024-02-07</start_date>
                <end_date>2024-05-07</end_date>
                <idProject>2</idProject>
                <employees>
                    <employee>
                        <idUser>user001</idUser>
                        <login>morgan</login>
                        <email>morgan@gmail.com</email>
                        <nom>Ella</nom>
                        <prenom>Morgan</prenom>
                        <password>password016</password>
                        <idEmployee>2</idEmployee>
                        <skills>Logistics</skills>
                        <status>busy</status>
                        <speciality>Logistics Coordinator</speciality>
                        <certification>Logistics Management</certification>
                        <role>employee</role>
                        <idTache>0</idTache>
                    </employee>
                </employees>
                <equipments>
                    <equipment>
                        <idEquipment>4</idEquipment>
                        <name>Manual Collection Cart</name>
                        <type>Transport Equipment</type>
                        <quantity>100</quantity>
                        <status>operable</status>
                        <category>Waste Collection</category>
                        <idTache>3</idTache>
                    </equipment>
                </equipments>
            </tache>
        </taches>
    </project>
    <project>
        <idProject>1</idProject>
        <name>Smart Recycling Management System</name>
        <status>unfinished</status>
        <taches>
            <tache>
                <idTache>1</idTache>
                <status>unfinished</status>
                <description>System Design and Development</description>
                <start_date>2024-01-12</start_date>
                <end_date>2024-05-07</end_date>
                <idProject>1</idProject>
                <employees>
                    <employee>
                        <idUser>user014</idUser>
                        <login>jake111</login>
                        <email>jake@gmail.com</email>
                        <nom>jake</nom>
                        <prenom>prince</prenom>
                        <password>jake1452</password>
                        <idEmployee>14</idEmployee>
                        <skills>planning</skills>
                        <status>busy</status>
                        <speciality>Project Manager Recycling Industry</speciality>
                        <certification>Skilled in planning, coordinating, and executing recycling-related projects.</certification>
                        <role>employee</role>
                        <idTache>1</idTache>
                    </employee>
                </employees>
                <equipments>
                    <equipment>
                        <idEquipment>6</idEquipment>
                        <name>Glass Crusher</name>
                        <type>Processing Equipment</type>
                        <quantity>5</quantity>
                        <status>operable</status>
                        <category>Recycling</category>
                        <idTache>1</idTache>
                    </equipment>
                </equipments>
            </tache>
            <tache>
                <idTache>2</idTache>
                <status>unfinished</status>
                <description>Community Engagement and Awareness</description>
                <start_date>2024-05-11</start_date>
                <end_date>2024-12-01</end_date>
                <idProject>1</idProject>
                <employees>
                    <employee>
                        <idUser>user013</idUser>
                        <login>emily013</login>
                        <email>emily@gmail.com</email>
                        <nom>Emily</nom>
                        <prenom>Clark</prenom>
                        <password>emily013</password>
                        <idEmployee>13</idEmployee>
                        <skills>Community Engagement Specialist</skills>
                        <status>busy</status>
                        <speciality>Community Engagement Specialist</speciality>
                        <certification>Expertise in public awareness campaigns and training for recycling and composting initiatives.</certification>
                        <role>employee</role>
                        <idTache>2</idTache>
                    </employee>
                </employees>
                <equipments>
                    <equipment>
                        <idEquipment>8</idEquipment>
                        <name>Plastic Granulator</name>
                        <type>Processing Equipment</type>
                        <quantity>7</quantity>
                        <status>operable</status>
                        <category>Plastic Recycling</category>
                        <idTache>2</idTache>
                    </equipment>
                </equipments>
            </tache>
        </taches>
    </project>
    <project>
        <idProject>77</idProject>
        <name>aa</name>
        <status>unfinished</status>
        <taches/>
    </project>
</projects>
