<?xml version="1.0" encoding="UTF-8" standalone="yes"?>
<taches>
    <tache>
        <idTache>444444</idTache>
        <status>finished</status>
        <description>aaaaaa</description>
        <start_date>2024-11-07</start_date>
        <end_date>2024-12-01</end_date>
        <idProject>777</idProject>
        <employees>
            <employee>
                <idUser>user006</idUser>
                <login>ava006</login>
                <email>ava@gmail.com</email>
                <nom>Ava</nom>
                <prenom>Jones</prenom>
                <password>password006</password>
                <idEmployee>6</idEmployee>
                <skills>Heavy Equipment</skills>
                <status>busy</status>
                <speciality>Heavy Equipment Technician</speciality>
                <certification>Heavy Equipment Maintenance Certification</certification>
                <role>employee</role>
                <idTache>444444</idTache>
            </employee>
        </employees>
        <equipments>
            <equipment>
                <idEquipment>4</idEquipment>
                <name>Manual Collection Cart</name>
                <type>Transport Equipment</type>
                <quantity>100</quantity>
                <status>operable</status>
                <category>Waste Collection</category>
                <idTache>444444</idTache>
            </equipment>
        </equipments>
    </tache>
    <tache>
        <idTache>1</idTache>
        <status>unfinished</status>
        <description>Develop a web application for waste tracking and recycling process management.</description>
        <start_date>2024-11-07</start_date>
        <end_date>2024-12-01</end_date>
        <idProject>1</idProject>
        <employees>
            <employee>
                <idUser>user014</idUser>
                <login>jake111</login>
                <email>jake@gmail.com</email>
                <nom>jake</nom>
                <prenom>prince</prenom>
                <password>jake1452</password>
                <idEmployee>14</idEmployee>
                <skills>planning</skills>
                <status>busy</status>
                <speciality>Project Manager Recycling Industry</speciality>
                <certification>Skilled in planning, coordinating, and executing recycling-related projects.</certification>
                <role>employee</role>
                <idTache>1</idTache>
            </employee>
        </employees>
        <equipments>
            <equipment>
                <idEquipment>6</idEquipment>
                <name>Glass Crusher</name>
                <type>Processing Equipment</type>
                <quantity>5</quantity>
                <status>operable</status>
                <category>Recycling</category>
                <idTache>1</idTache>
            </equipment>
        </equipments>
    </tache>
    <tache>
        <idTache>777777777</idTache>
        <status>unfinished</status>
        <description>aaaaaaaa</description>
        <start_date>2024-11-07</start_date>
        <end_date>2024-12-01</end_date>
        <idProject>8888</idProject>
        <employees>
            <employee>
                <idUser>user009</idUser>
                <login>william009</login>
                <email>william@gmail.com</email>
                <nom>William</nom>
                <prenom>Anderson</prenom>
                <password>password009</password>
                <idEmployee>9</idEmployee>
                <skills>Machine Operation</skills>
                <status>busy</status>
                <speciality>Electrical Technician</speciality>
                <certification>Electrical Systems Certification</certification>
                <role>maintenance_technician</role>
                <idTache>777777777</idTache>
            </employee>
        </employees>
        <equipments>
            <equipment>
                <idEquipment>5</idEquipment>
                <name>Composting Bin</name>
                <type>Storage Container</type>
                <quantity>50</quantity>
                <status>operable</status>
                <category>Composting</category>
                <idTache>777777777</idTache>
            </equipment>
        </equipments>
    </tache>
    <tache>
        <idTache>30</idTache>
        <status>unfinished</status>
        <description>nn</description>
        <start_date>2024-11-07</start_date>
        <end_date>2024-12-01</end_date>
        <idProject>30</idProject>
        <employees>
            <employee>
                <idUser>user011</idUser>
                <login>user011</login>
                <email>Ryan@gmail.com</email>
                <nom>Ryan</nom>
                <prenom>Doe</prenom>
                <password>ryan123456</password>
                <idEmployee>11</idEmployee>
                <skills>waste management</skills>
                <status>busy</status>
                <speciality>Environmental Engineer</speciality>
                <certification>Expertise in waste management systems, recycling techniques, and environmental compliance.</certification>
                <role>employee</role>
                <idTache>30</idTache>
            </employee>
        </employees>
        <equipments>
            <equipment>
                <idEquipment>88</idEquipment>
                <name>aaaaaaaa</name>
                <type>aaaaaaa</type>
                <quantity>22</quantity>
                <status>operable</status>
                <category>aaaaaaaaa</category>
                <idTache>30</idTache>
            </equipment>
        </equipments>
    </tache>
</taches>
