<?xml version="1.0" encoding="UTF-8" standalone="yes"?>
<taches>
    <tache>
        <idTache>10</idTache>
        <status>finished</status>
        <description>Integrate IoT sensors to monitor recycling bin levels in real time.</description>
        <start_date>2024-01-12</start_date>
        <end_date>2024-05-07</end_date>
        <idProject>3</idProject>
        <employees>
            <employee>
                <idUser>user010</idUser>
                <login>olivia010</login>
                <email>olivia@gmail.com</email>
                <nom>Olivia</nom>
                <prenom>anderson</prenom>
                <password>password010</password>
                <idEmployee>10</idEmployee>
                <skills>Electrical Repairs</skills>
                <status>busy</status>
                <speciality>Equipment Technician</speciality>
                <certification>Mechanical Repairs Certification</certification>
                <role>maintenance technician</role>
                <idTache>4</idTache>
            </employee>
        </employees>
        <equipments>
            <equipment>
                <idEquipment>3</idEquipment>
                <name>Shredder</name>
                <type>Mechanical Machine</type>
                <quantity>10</quantity>
                <status>under maintenance</status>
                <category>Equipment Maintenance</category>
                <idTache>4</idTache>
            </equipment>
        </equipments>
    </tache>
    <tache>
        <idTache>4</idTache>
        <status>unfinished</status>
        <description>Distribute collection bins in classrooms for paper, plastic, and metal waste.</description>
        <start_date>2024-02-07</start_date>
        <end_date>2024-05-07</end_date>
        <idProject>4</idProject>
        <employees>
            <employee>
                <idUser>user004</idUser>
                <login>david004</login>
                <email>david@gmail.com</email>
                <nom>David</nom>
                <prenom>Johnson</prenom>
                <password>password004</password>
                <idEmployee>4</idEmployee>
                <skills>Waste Management</skills>
                <status>busy</status>
                <speciality>Sorting Specialist</speciality>
                <certification>Waste Management Certification</certification>
                <role>employee</role>
                <idTache>1</idTache>
            </employee>
        </employees>
        <equipments>
            <equipment>
                <idEquipment>2</idEquipment>
                <name>Sorting Conveyor</name>
                <type>Automatic Machine</type>
                <quantity>10</quantity>
                <status>broken</status>
                <category>Waste Sorting</category>
                <idTache>12</idTache>
            </equipment>
        </equipments>
    </tache>
    <tache>
        <idTache>3</idTache>
        <status>unfinished</status>
        <description>Repurpose paper waste into handmade notebooks or craft items.</description>
        <start_date>2024-05-11</start_date>
        <end_date>2024-05-20</end_date>
        <idProject>4</idProject>
        <employees>
            <employee>
                <idUser>user009</idUser>
                <login>william009</login>
                <email>william@gmail.com</email>
                <nom>William</nom>
                <prenom>Anderson</prenom>
                <password>password009</password>
                <idEmployee>9</idEmployee>
                <skills>Machine Operation</skills>
                <status>free</status>
                <speciality>Electrical Technician</speciality>
                <certification>Electrical Systems Certification</certification>
                <role>maintenance technician</role>
                <idTache>0</idTache>
            </employee>
        </employees>
        <equipments>
            <equipment>
                <idEquipment>5</idEquipment>
                <name>Composting Bin</name>
                <type>Storage Container</type>
                <quantity>50</quantity>
                <status>operable</status>
                <category>Composting</category>
                <idTache>0</idTache>
            </equipment>
        </equipments>
    </tache>
</taches>
