<?xml version="1.0" encoding="UTF-8" standalone="yes"?>
<users>
    <user>
        <idUser>user002</idUser>
        <login>ines123</login>
        <email>ines@gmail.com</email>
        <nom>Ines</nom>
        <prenom>dream</prenom>
        <password>azerty1122</password>
    </user>
    <user>
        <idUser>user001</idUser>
        <login>morgan</login>
        <email>morgan@gmail.com</email>
        <nom>Ella</nom>
        <prenom>Morgan</prenom>
        <password>password016</password>
    </user>
    <user>
        <idUser>user003</idUser>
        <login>jason003</login>
        <email>jason@gmail.com</email>
        <nom>jason</nom>
        <prenom>smithh</prenom>
        <password>password003</password>
    </user>
    <user>
        <idUser>user004</idUser>
        <login>david004</login>
        <email>david@gmail.com</email>
        <nom>David</nom>
        <prenom>Johnson</prenom>
        <password>password004</password>
    </user>
    <user>
        <idUser>user005</idUser>
        <login>isabella005</login>
        <email>isabella@gmail.com</email>
        <nom>Isabella</nom>
        <prenom>Williams</prenom>
        <password>password005</password>
    </user>
    <user>
        <idUser>user006</idUser>
        <login>ava006</login>
        <email>ava@gmail.com</email>
        <nom>Ava</nom>
        <prenom>Jones</prenom>
        <password>password006</password>
    </user>
    <user>
        <idUser>user007</idUser>
        <login>michael007</login>
        <email>michael@gmail.com</email>
        <nom>Michael</nom>
        <prenom>Martinez</prenom>
        <password>password007</password>
    </user>
    <user>
        <idUser>user008</idUser>
        <login>john008</login>
        <email>john@gmail.com</email>
        <nom>John</nom>
        <prenom>Lee</prenom>
        <password>password008</password>
    </user>
    <user>
        <idUser>user009</idUser>
        <login>william009</login>
        <email>william@gmail.com</email>
        <nom>William</nom>
        <prenom>Anderson</prenom>
        <password>password009</password>
    </user>
    <user>
        <idUser>user010</idUser>
        <login>olivia010</login>
        <email>olivia@gmail.com</email>
        <nom>Olivia</nom>
        <prenom>anderson</prenom>
        <password>password010</password>
    </user>
    <user>
        <idUser>user011</idUser>
        <login>user011</login>
        <email>Ryan@gmail.com</email>
        <nom>Ryan</nom>
        <prenom>Doe</prenom>
        <password>ryan123456</password>
    </user>
    <user>
        <idUser>user012</idUser>
        <login>Jacklin111</login>
        <email>Jacklin@gmail.com</email>
        <nom>Jacklin</nom>
        <prenom>Dawson</prenom>
        <password>jacklin123</password>
    </user>
    <user>
        <idUser>user013</idUser>
        <login>emily013</login>
        <email>emily@gmail.com</email>
        <nom>Emily</nom>
        <prenom>Clark</prenom>
        <password>emily013</password>
    </user>
    <user>
        <idUser>user014</idUser>
        <login>jake111</login>
        <email>jake@gmail.com</email>
        <nom>jake</nom>
        <prenom>prince</prenom>
        <password>jake1452</password>
    </user>
    <user>
        <idUser>user015</idUser>
        <login>smith</login>
        <email>john@gmail.com</email>
        <nom>john</nom>
        <prenom>Simbson</prenom>
        <password>john12354</password>
    </user>
    <user>
        <idUser>user232</idUser>
        <login>dfdgh</login>
        <email>alabrahmi12340@gmail.com</email>
        <nom>ela</nom>
        <prenom>brahmi</prenom>
    </user>
</users>
